key_person,name_last,name_first,name_given,birth_year,birth_month,birth_day,altname_type,altname_lang,altname_last,altname_first,altname_given,altname_matrilineal,altname_nick,altname_date_start,altname_date_end
0c93ff10,Abel,,,,,,alt-spelling,en,Abell,,,,,,
e0217ab8,Abramowitz,Abe,Abraham,1915,,,alias,en,Abrams,Abe,Abraham,,,,
e66bf345,Acea,Gregorio,Gregorio,1935,,,alt-spelling,en,Acez,Gregorio,Gregorio,,,,
e247a1f9,Charles,Chappy,Raymond,1881,3,25,birth,en,Achenbach,Charles,Charles Shuh,,,,
93ef8ca4,Adler,Robert,Robert B.,,,,alias,en,Acherman,Robert,Robert B.,,,,
db265b21,August,Joe,Joseph Samuel,1920,7,21,birth,en,Acquisto,Joe,Joseph Samuel,,,,
a8bf3ff6,Ackerman,Robert,Robert B.,,,,alias,en,Adler,,,,,1907,1907
c7e549a7,Adolph,William,William,1882,8,22,birth,en,Adolff,William,William,,,,
22d9ced0,Ahmann,Ben,Bernard F.,1898,2,26,alt-spelling,en,Ahman,Ben,Bernard F.,,,,
b57b5038,Ahan,Mark,Mark Clement,,,,alias,en,Ahmann,Mark,Mark Clement,,,,
a2be495b,Ankenhead,Robert,Robert B.,1928,,,alt-spelling,en,Akenhead,Robert,Robert B.,,,,
93be3c54,Alanis,Leonardo,Leonardo,1899,2,17,legal,en,Alaniz,Leonardo,Leonardo,,,,
b78cff23,Asencio,Yeison,Yeison,1989,11,14,alias,en,Alcantara,Yoan,Yoan,,,2010,2012
673be0da,Rodriguez,Eladio,Eladio Y.,1979,4,4,alias,en,Aleman,Carlos,Carlos,,,,
7f58b0b1,Alexson,Andrew,Andrew William,1920,11,25,birth,en,Alexopolous,Andrew,Andrew William,,,,
a38bea78,Burda,Jacque,Jacque,,,,alias,en,Alger,Jacque,Jacque,,,,
9704371c,Alhouse,Bill,William George,1925,6,10,alt-spelling,en,Allhouse,William,William George,,,,
5715b1a1,Almand,Zachary,Zachary M.,1907,4,3,alt-spelling,en,Almond,Zachary,Zachary M.,,,,
93cc9aa4,Alsenauer,William,William E.,1925,11,10,alt-spelling,en,Alsnauer,William,William E.,,,,
6cc54805,Althaus,Harry,Harry,,,,alt-spelling,en,Althouse,Harry,Harry,,,,
9bc8e61c,Alvino,Wander,Wander A.,1987,2,10,alias,en,Alvaro,Wander,Wander,,,,
914ea20b,Amiro,Jesus,Jesus,,,,alt-spelling,en,Amaro,Jesus,Jesus,,,,
f52b97ab,Craig,Edward,Edward A.,,,,legal,en,Anderson,Edward,Edward A.,,,,
3a73b542,Andrews,John,John,1927,,,birth,en,Andrusyshyn,John,John,,,,
25a45f84,Beltre,Elvin,Elvin A.,1980,1,19,alias,en,Andujar,Elvin,Elvin A.,,,,
a4f6ee34,Ancherico,Eddie,Edward,1926,7,12,birth,en,Anechiaricco,Edward,Edward,,,,
88272915,Angell,Peter,Peter,1917,,,birth,en,Angelovich,Peter,Peter,,,,
d860ee9d,Ankersen,Anthony,W. Anthony,1939,,,alt-spelling,en,Ankerson,Anthony,W. Anthony,,,,
2f65e93a,Abreu,Erick,Erick A.,1983,8,9,alias,en,Antigua,Erick,Erick A.,,,,
0ede22b6,Apichella,Frank,Frank,,,,alt-spelling,en,Appichella,Frank,Frank,,,,
72376efe,Argazzi,,,,,,alt-spelling,en,Argazzle,,,,,,
00c0fbc0,Guzman,Jorge,Jorge Leandro,1989,7,15,alias,en,Aristy,Alvaro,Alvaro Enrique,,,2009,2010
eb1c5bb4,Arruebarrena,Erisbel,Barbaro Erisbel,1990,3,25,alt-spelling,en,Arruebarruena,Erisbel,Barbaro Erisbel,Escalante,,,
8353bd4f,Daniels,Bert,Bernard Elmer,1882,10,31,alias,en,Ayers,Bert,Bert,,,1909,1909
8e40a3ea,Ayres,Robert,Robert Warren,1934,10,12,alt-spelling,en,Ayers,Robert,Robert Warren,,,,
3f55dfff,Ayres,Sam,Samuel H.,1889,,,alt-spelling,en,Ayers,Sam,Samuel H.,,,,
beab05b8,Bache,Jose,Jose Dario,1923,5,25,alt-spelling,en,Bachle,Jose,Jose Dario,,,,
1494a8e6,Ortiz,Jose,Jose Baez,1977,12,12,alias,en,Baez,Jose,Jose,Portes,,,
3a2e294f,Brinsky,Amil,Amil H.,1919,,,birth,en,Bahurinsky,Amil,Amil H.,,,,
9748b3f9,Baillies,Frank,Frank King,1882,8,9,alt-spelling,en,Bailles,Frank,Frank King,,,,
4717f345,Bail,Robert,Robert Thomas,1887,5,20,alias,en,Ball,Robert,Robert Thomas,,,,
839cc274,Ballord,Charles,Charles E.,1923,,,alt-spelling,en,Ballord,Charles,Charles E.,,,,
8796b701,Bartz,Ted,Theodore,1925,12,1,alias,en,Barczuk,Ted,Theodore,,,,
82ef4b32,Casey,Pearl,Pearl,1877,1,9,alias,en,Barnes,Pearl,Pearl,,,,
1ebf1650,Baron,Charley,Charles Emil,1912,11,25,legal,en,Baronovic,Charles,Charles Emil,,,,
8353bd4f,Daniels,Bert,Bernard Elmer,1882,10,31,alias,en,Barrett,Bert,Bert,,,1907,1907
809dd072,Haneles,Lou,Louis Aaron,1916,9,15,alias,en,Barron,Lou,Louis Aaron,,,,
2f73c12b,Barski,John,John,,,,birth,en,Barszewski,John,John,,,,
3d5eb5d1,Bartenschlager,Perry,Perry,,,,alt-spelling,en,Bartensclager,Perry,Perry,,,,
ab84dc24,Bartosh,T. J.,T. J.,1978,5,24,alt-spelling,en,Bartosch,T. J.,T. J.,,,,
1a2d65d9,Bossard,Jack,Belasco Jackson,1930,4,21,alt-spelling,en,Bassard,Jack,Belasco Jackson,,,,
8c34b846,Guzman,Jose,Jose Rafael,1983,10,19,alias,en,Batista,Juan,Juan Encarnacion,Abreu,,,
2ded466a,Bauer,Charles,Charles W.,1916,,,alt-spelling,en,Bauers,Charles,Charles W.,,,,
d9ec3b96,Vargas,Martin,Martin,1978,2,22,alias,en,Bautista,Martin,Martin V.,,,,
eed461d1,Moreno,Victor,Victor,1982,12,22,alias,en,Bautista,Victor,Victor,Carela,,,
3f7fd1dc,Desrosiers,Victor,Victor O.,1921,,,alias,en,Beauchesne,Vic,Vic,,,1948,1949
425212d9,Beidler,Joseph,Joseph,,,,alt-spelling,en,Beedler,Joseph,Joseph,,,,
e843973a,Belisario,Ronald,Ronald J.,1982,12,31,alt-spelling,en,Belizario,Ronald,Ronald Jose,,,,
fa69c853,Francisco,Juan,Juan Ariel,1990,7,24,alias,en,Beltre,Franyer,Franyer Ariel,,,2010,2010
db6d9270,Bencina,Edward,Edward J.,1917,8,26,alt-spelling,en,Bencin,Edward,Edward J.,,,,
7b952ab4,Benn,Don,Don,1903,7,19,birth,en,Benintendi,Don,Don,,,,
591d493e,Beras,Wander,Wander Federico,1988,7,18,alias,en,Beras,Leonel,Leonel Esteban,,,2008,2010
e5d3ee0c,Beringhele,Guy,Guy A.,1917,6,14,alt-spelling,en,Beringheli,Guy,Guy A.,,,,
3c4a6c6a,Berkowitz,Joe,Joseph,1909,10,10,alias,en,Berkowitz,Joe,Joseph,,,,
f3b0cd2c,Richar,Danny,Danny Adam,1983,6,9,alias,en,Berroa,Joandry,Joandry,,,,
83bc851b,Jensen,Justin,Justin Randall,1973,12,19,alias,en,Bettencourt,Justin,Justin R.,,,,
559605f6,Betcher,Frank,Franklin Lyle,1888,2,15,birth,en,Bettger,Frank,Franklin Lyle,,,,
99a37eac,Bialkowski,Stanley,Stanley,1929,2,10,alias,en,Bialecki,Stanley,Stanley,,,,
14822fe8,Blake,John,John Francis,,,,alias,en,Blakely,John,John Francis,,,1913,1913
31075d4f,Blaze,Frank,Frank J.,1926,,,legal,en,Blazejewski,Frank,Frank J.,,,,
10dabf5f,Blydell,Walter,Walter F.,1918,12,8,alias,en,Bleidistel,Walter,Walter F.,,,,
3726e3af,Blen-Ferray,Damian,Damian,1974,1,4,alias,en,Blen,Damien,Damien,,,,
86826f24,Blyleven,Bert,Rik Aalbert,1951,4,6,birth,en,Blijleven,Bert,Rik Aalbert,,,,
5416d666,Blomer,Jake,Jay C.,1915,7,22,alt-spelling,en,Bloomer,Jake,Jay C.,,,,
10dabf5f,Blydell,Walter,Walter F.,1918,12,8,alias,en,Blydistel,Walter,Walter F.,,,,
2c24e3ea,Budura,Victor,Victor,1920,,,alt-spelling,en,Bodura,Victor,Victor,,,,
56b84fda,Bodan,Joseph,Joseph A.,1922,,,birth,en,Bogdanowicz,Joseph,Joseph A.,,,,
6a7e3045,Pena,Richard,Richard Bolivar,1987,8,15,alias,en,Bolivar,Richard,Richard,,,,
7c2ef077,Bohanon,Leo,Leo R.,1920,,,alt-spelling,en,Bonahan,Leo,Leo,,,,
7205cc9d,Bonnabeaux,Jerry,Jerome G.,1938,2,9,alt-spelling,en,Bonnabeau,Jerry,Jerome G.,,,,
20c7139c,Bonelly,Dick,Richard C.,1899,5,8,alt-spelling,en,Bonnelly,Dick,Richard C.,,,,
5b09dd93,Bonser,Boof,Boof,1981,10,14,birth,en,Bonser,Boof,John P.,,,,2001
534cd0e9,Baraszcz,Joseph,Joseph,,,,alias,en,Bosko,Joseph,Joseph,,,,
b06d8a59,Hong,Lee,Lee Gun,1911,5,1,alias,en,Bowen,Albert,Albert,,,,
266a7af6,Boyat,Milton,Milton,1923,11,20,alt-spelling,en,Boyet,Milton,Milton,,,,
ab351c54,Brathwaite,Alonso,Hiram Alonso,1932,,,alt-spelling,en,Braithwaite,Alonso,Hiram Alonso,,,,
176625a1,Brandon,Ralph,Ralph V.,1904,,,alias,en,Branden,Merle,Merle,,,,
09d9f025,Brady,Robert,Robert,,,,legal,en,Brandhagen,H. F.,H. F.,,,,
c7b3edcc,Braun,Charles,Charles,1932,,,alt-spelling,en,Braun,William,William,,,,
a1eac897,Brown,Rachie,Rachie,1870,7,4,legal,en,Braunstein,Abraham,Abraham Joseph,,,,
c85736cd,Brautigam,George,George,,,,alt-spelling,en,Brautigan,George,George,,,,
53567d63,Hogan,Wallace,Wallace Louis,1877,10,13,birth,en,Bray,Wallace,Wallace Louis,,,,
d5d29a9e,Beeam,Zemery,Zemery,,,,alt-spelling,en,Bream,Zemery,Zemery,,,,
f9f74ee6,Brendle,Paul,Paul R.,1928,,,alt-spelling,en,Brendel,Paul,Paul R.,,,,
5319f858,Breidenbach,Don,Donald E.,,,,alt-spelling,en,Bridenbach,Donald,Donald,,,,
a1ca5af8,Bridges,Tony,Anthony Wayne,1968,8,24,alias,en,Bridges-Clements,Tony,Anthony Wayne,,,,
8f59984e,Broeckelman,Bernard,Bernard J.,1917,,,alt-spelling,en,Brockelmann,Bernard,Bernard,,,,
0d166b80,Mauer,Fred,Frederick H.,1862,4,19,alias,en,Brooks,F. H.,F. H.,,,1886,1886
6af4b9d4,Parks,Slicker,Vernon Henry,1895,11,10,alias,en,Brooks,Harold,Harold,,,,
a7d9cd04,Broun,Lawson,Ernest Lawson,1926,,,alt-spelling,en,Brown,Ernest,Ernest L.,,,,
08137667,Sovde,Richard,Richard Dean,1935,3,9,alias,en,Browning,Richard,Richard Dean,,,,
9aa2c722,Brown,Elias,Elias,1896,3,28,legal,en,Bryant,Elias,Elias,,,,
88aafff5,Brykczynski,Bill,William E.,1951,1,18,alias,en,Bryk,William,William E.,,,,
791670ec,Broski,Emil,Emil C.,1921,,,birth,en,Brzowsky,Emil,Emil C.,,,,
f4ebc1cf,Beaumier,Edmond,Edmond J.,1921,1,4,alias,en,Bucka,Edmond,Edmond J.,,,,
21d7a2cb,Beckle,Matt,Matt,1979,7,4,alt-spelling,en,Buckle,Matt,Matt,,,,
8abb845e,Beusse,Carlton,Carlton Gerdts,1872,8,27,alt-spelling,en,Buesse,Carlton,Carlton,,,,
44fc2ec5,Bujace,Chester,Chester G.,1908,3,5,alt-spelling,en,Bujaci,Chester,Chester,,,,
c755a13f,Bunny,Sylvester,Sylvester,1923,,,birth,en,Bunyevchev,Sylvester,Sylvester,,,,
70599968,Burgardt,Richard,Richard,1929,9,15,alt-spelling,en,Burghardt,Richard,Richard,,,,
2328c925,Gwiazdowski,Edward,Edward,,,,alias,en,Burke,Edward,Edward,,,,
ecf755df,Burrell,Buster,Frank Andrew,1866,12,22,alt-spelling,en,Burrill,Frank,Frank Andrew,,,,
20cfaa3d,Glaister,Heinie,Henry B.,1909,12,25,alias,en,Burris,Henry,Henry B.,,,,
e1c5be53,Bushey,Alfred,Alfred C.,,,,alias,en,Bush,George,George P.,,,1902,1902
7f1518a6,Cammons,Brett,Brett William,1986,4,24,alias,en,Butts,Brett,Brett William,,,,2011
769adf41,Rodriguez,Wandy,Wandy Fulton,1979,1,18,alias,en,Cabreja,Eny,Eny Angel,,,,
7f7573f2,Simon,Alfredo,Alfredo,1981,5,8,alias,en,Cabrera,Carlos,Carlos Eduardo,,,,
f216afb0,Cazen,Walter,Walter E.,1911,9,29,birth,en,Caczynski,Walter,Walter E.,,,,
a8dfd92c,Sager,James,James Ervin,1877,9,5,birth,en,Caiger,James,James Ervin,,,,
e35c3ded,Campbell,Duncan,Duncan Desmond,1937,10,21,alias,en,Cain,Duncan,Duncan Desmond,,,,
651c8430,Calvillo,Alberto,Alberto,,,,alt-spelling,en,Calbillo,Alberto,Alberto,,,,
43773ea4,Caldwell,Neil,W. Neil,1907,7,16,alt-spelling,en,Caldwell,Neal,Neal,,,,
9026112b,Kalahan,John,John Joseph,1878,9,30,alt-spelling,en,Callahan,John,John Joseph,,,,
c54a0f0a,Callaway,Joe,Joel E.,1928,7,2,alt-spelling,en,Calloway,Joel,Joel E.,,,,
d413817a,DelCalvo,Oscar,Oscar,1926,,,alias,en,Calvo,Oscar,Oscar,,,,
a5323378,Campaigne,Robert,Robert,,,,alt-spelling,en,Campaigne,Ronald,Ronald,,,,
720301d4,Magalhaes,Tiago,Tiago,1981,3,18,alias,en,Campos,Tiago,Tiago,,,,
5a84ac19,Mateo,Luis,Luis Alberto,1981,8,9,alias,en,Candelario,Luis,Luis M.,,,,
8b037f51,Guerrero,Humberto,Humberto,1933,,,alias,en,Cano,Humberto,Humberto G.,,,,
2850410e,Cantley,Max,Maxie,1914,4,15,alt-spelling,en,Canteley,Max,Max,,,,
b495df5e,Cappa,John,John J.,1922,11,14,birth,en,Capobianco,John,John J.,,,,
bd950b32,Capelli,Nicholas,Nicholas E.,1932,,,alt-spelling,en,Cappelli,Nicholas,Nicholas E.,,,,
d6a6a34e,Caray,Harry,Harry Christopher,1914,3,1,birth,en,Carabina,Harry,Harry Christopher,,,,
91b31d2a,Caradona,Victor,Victor S.,1935,,,alt-spelling,en,Caradonna,Victor,Victor S.,,,,
62b0b2a0,Miro,Arturo,Arturo,1937,,,alias,en,Carbonell,Arturo,Arturo Miro,,,,
a564d851,McAvoy,George,George Robert,1884,3,12,alias,en,Carey,George,George Robert,,,,
111dd3cb,Carey,John,John S.,1914,,,alt-spelling,en,Carey,John,John E.,,,,
171fb04d,Hernandez,Roberto,Roberto,1980,8,30,alias,en,Carmona,Fausto,Fausto C.,,,,2011
08b1dff3,Corriher,Luther,Luther Edward,1931,,,alt-spelling,en,Carriher,Luther,Luther,,,,
b3c76fd7,Crater,Marvin,Marvin Gray,1925,,,alt-spelling,en,Carter,Marvin,Marvin Gray,,,,
7bafee4e,Araujo,Ramon,Ramon Orlando,1978,3,4,alias,en,Carvajal,Ramon,Ramon Orlando,,,,
cfd0d6ac,Dolan,John,John,1867,9,12,alias,en,Cass,Arthur,Arthur,,,1905,1905
1ad84d3d,Cassidy,Joe,Joseph Philip,1883,2,8,legal,en,Cassiday,Joe,Joseph Phillip,,,,
101ee772,Blomberg,James,James,1933,4,2,legal,en,Castaneda,Jim,James Agustin,,,,
35ebf540,Guarino,Jose,Jose,,,,alias,en,Castillo,Jose,Jose G.,,,,
16b20120,Haserot,Les,Lester Elihu,1904,4,19,alias,en,Castlerock,Les,Lester Elihu,,,,
3262cdf2,Geraldo,Jose,Jose,1983,9,22,alias,en,Cespedes,Jose,Jose,,,,
3e36a16e,Ceballos,Alonso,Alonso P.,1932,,,alt-spelling,en,Cevallos,Alonso,Alonso,,,,
917dbb2e,Corbett,Ted,Theodore W.,1870,10,14,legal,en,Chapelski,Ted,Theodore W.,,,,
49faf933,Chappius,John,John A.,1919,,,alt-spelling,en,Chappuis,John,John A.,,,,
307aa1e3,Choptman,Devon,Devon,1922,,,alt-spelling,en,Chaptman,Devon,Devon,,,,
52e75df4,Senreiso,Juan,Juan Carlos,1981,8,4,alias,en,Charles,Julin,Julin Esterel,,,,
e6e03a26,Chaves,Rafael,Rafael,1968,11,1,alt-spelling,en,Chavez,Rafael,Rafael,,,,
aeab2767,Taiho,Yasuaki,Yasuaki,1963,11,15,birth,en,Chen,Tai-feng,Tai-feng,,,,
be23eae7,Chirik,Edward,Edward,1922,,,alt-spelling,en,Cherick,Edward,Edward,,,,
8901fbb9,Chiola,Dominick,Dominick,1928,,,birth,en,Chiuchiolo,Dominick,Dominick,,,,
9aa1ef44,Chipple,Walt,Walter John,1918,9,26,birth,en,Chlipala,Walter,Walter J.,,,,
551dcb71,Christgau,Henry,Henry W.,,,,alt-spelling,en,Christgan,Henry,Henry,,,,
b3139055,Czopczyc,Walter,Walter,1946,6,20,birth,en,Christian,Walter,Walter,,,,
b1fd77f7,Christie,Jake,Lewis William,1919,9,3,alt-spelling,en,Christy,Jake,Lewis William,,,,
cbb35636,Cecil,Henry,Henry E.,1921,,,birth,en,Cieslielski,Henry,Henry E.,,,,
42af3310,Cimoli,Gino,Gino Nicholas,1929,12,18,birth,en,Cimoli,Gino,Gino Anichletto,,,,
15658498,Stanley,Jim,James Francis,1887,12,1,legal,en,Ciolek,Stanislaus,Stanislaus Francis,,,,
d8da4903,Blair,Brian,Brian Derek,1972,4,9,alias,en,Clark,Brian,Brian D.,,,,
6725945b,Clouse,Richard,Richard M.,,,,alt-spelling,en,Clause,Richard,Richard M.,,,,
07578e67,Clowson,Alex,Alex,1915,,,alt-spelling,en,Clawson,Alex,Alex,,,,
a68a5736,Klaxton,Jimmy,James E.,1892,12,14,alt-spelling,en,Claxton,Jimmy,James E.,,,,
a1ca5af8,Bridges,Tony,Anthony Wayne,1968,8,24,alias,en,Clements,Tony,Anthony Wayne,,,1986,1989
024f7a89,Clementi,Zeke,John M.,1914,,,alt-spelling,en,Clements,Zeke,John M.,,,,
2f6a1bb8,Sosa,Carlos,Carlos M.,1981,10,21,alias,en,Cleto,Carlos,Carlos M.,,,,
d3e85e0f,Cagle,Lamar,Lamar,1924,,,alt-spelling,en,Cogle,Lamar,Lamar,,,,
efcda48a,Paniagua,Juan,Juan Carlos,1990,4,4,alias,en,Collado,Juan,Juan Carlos,,,2009,2010
e7793a75,Kollar,Harold,Harold J.,1923,,,alias,en,Collins,Harold,Harold,,,,
f2882afa,Colone,William,William Guerino,1917,8,17,alt-spelling,en,Collyn,William,William Guerino,,,,
1774b88c,Colvin,Charles,Charles,,,,alias,en,Colvin,Tod,Tod,,,,
1e771eac,Comingor,Carl,Carl Edward,1887,6,4,birth,en,Comninger,Carl,Carl Edward,,,,
318e4bc8,Comingor,Marshall,Marshall,1881,12,19,birth,en,Comninger,Marshall,Marshall,,,,
65c54929,Camelli,Hank,Henry Richard,1914,12,9,legal,en,Comolli,Henry,Henry Richard,,,,
09f8a6b1,Cortes,Argenis,Argenis Rafael,1966,10,28,alias,en,Conde,Argenis,Argenis R.,,,,
105b30a5,Connolly,Bud,Mervin Thomas,1901,5,25,alt-spelling,en,Connally,Mervin,Mervin Thomas,,,,
43e55d4d,Connatser,Bruce,Broadus Milburn,1902,9,19,alt-spelling,en,Connaster,Bruce,Bruce M.,,,,
5dbaaf05,Conroy,Ed,Edmund Charles,1919,9,9,alt-spelling,en,Conrow,Ed,Edmund Charles,,,,
c20a34b0,Winchell,Fred,Frederick Russell,1882,1,23,legal,en,Cook,Fred,Frederick Russell,,,,
500561a0,Koopman,Charlie,Charles,1885,,,alias,en,Cooper,Charles,Charles,,,1905,1906
26bf5ca6,Stackpole,Cy,Arthur H.,,,,alias,en,Cooper,Jack,Jack,,,1905,1905
3a33372b,Coppeta,Greg,Gregory Robert,1969,8,27,alt-spelling,en,Coppetta,Greg,Gregory Robert,,,,
21d5759d,Cordoba,Wilfrido,Wilfrido,1957,8,11,alt-spelling,en,Cordova,Wilfrido,Wilfrido,,,,
da1a688f,Colmenares,Carlos,Carlos A.,1970,11,17,alt-spelling,en,Cormenares,Carlos,Carlos,,,,
b8daf21f,Teuma,Reggie,Reinaldo,1930,,,alias,en,Corrales,Reinaldo,Reinaldo,,,,
370f6d14,Castellanos,Silvio,Silvio A.,1936,,,alias,en,Correa,Silvio,Silvio Alberto C.,,,,
09f8a6b1,Cortes,Argenis,Argenis Rafael,1966,10,28,alias,en,Cortez,Conte,Conte,,,,
c98ef1a5,Consentino,James,James N.,1924,,,alt-spelling,en,Cosentino,James,James N.,,,,
3e58d8f2,Potter,,,,,,alt-spelling,en,Cotter,,,,,,
8041184b,Cramton,Elwyn,Elwyn L.,1912,5,27,alt-spelling,en,Crampton,Elwyn,Elwyn L.,,,,
d06ee6dd,Cristadora,Maurice,Maurice A.,1920,,,alt-spelling,en,Cristadoro,Maurice,Maurice A.,,,,
d29fa807,Vercrouse,Jay,Jay Norris,1927,,,alt-spelling,en,Crouse,Jay,Jay Ver,,,,
e1a5edc1,Crow,Theodore,Theodore,,,,alt-spelling,en,Crowe,Theodore,Theodore,,,,
c9079065,Crumling,Gene,Eugene Leon,1922,4,5,legal,en,Crumbling,Gene,Eugene Leon,,,,
e7630fb0,Ramos,Gustavo,Gustavo,1929,,,alias,en,Cruz,Gustavo,Gustavo Ramos,,,,
fc9a1c8b,Garcia,Jose,Jose,1933,,,alias,en,Cruz,Jose,Jose Garcia,,,,
bf42a7ef,Reinhardt,Oswaldo,Oswaldo,1927,,,alias,en,Cruz,Oswaldo,Oswaldo Santa,,,,
9002c20c,Rivera,Rene,Rene,1949,,,alias,en,Cruz,Rene,Rene,,,,
a54f859b,Mercedes,Victor,Victor A.,1979,4,15,alias,en,Cuello,Domingo,Domingo,,,,
0f1ac6de,Cuello,Felix,Felix M.,1979,9,17,alias,en,Cuello,Manolin,Manolin,,,,
8f674a5e,Mesa,Pete,Richard Peter,1929,8,29,birth,en,Culton,Pete,Richard Peter,,,,
42e39018,Collins,Johnny,John,,,,alias,en,Cunningham,Arthur,Arthur,,,,
1ca9596a,Curtis,Harry,Harry S.,1928,,,alt-spelling,en,Curtiss,Harry,Harry,,,,
046f0550,Sabari,Manuel,Manuel A.,1938,,,alias,en,Cuvas,Manuel,Manuel A. S.,,,,
d89b857a,Chappie,Donald,Donald Edward,1926,,,birth,en,Czapiewski,Donald,Donald Edward,,,,
5374a7d0,Desposito,Daniel,Daniel A.,1934,,,alt-spelling,en,D'Esposito,Daniel,Daniel A.,,,,
70cc581a,Dvorak,Ray,Ray F.,,,,alt-spelling,en,D'Vorak,Ray,Ray F.,,,,
7b47d1db,Diaz,Angel,Angel,1963,,,alias,en,Dager,Angel,Angel D.,,,,
dc091454,Dailey,George,George D.,,,,alt-spelling,en,Daily,George,George W.,,,,
8fdb648b,DellaValle,Alfred,Alfred J.,1933,,,alt-spelling,en,DallaValle,Alfred,Alfred J.,,,,
bc9302b4,Hoff,,,,,,legal,en,Daniels,F. S.,F. S.,,,,
a9a02a59,Dougherty,Kevin,James Kevin,1978,3,4,alt-spelling,en,Daugherty,James,James E.,,,,
6a03ffa0,Davison,James,James W.,1926,,,alt-spelling,en,Davidson,James,James W.,,,,
4050580f,Howden,Huey,Huey,1941,3,10,alias,en,Davis,Huey,Huey,,,,
1836d3bd,Fermin,Miguel,Miguel Angel,1985,2,11,alias,en,de los Santos,Joel,Joel,,,,
15225985,De Los Santos,Braulio,Braulio,1987,9,19,alias,en,De Los Santos,Robinson,Robinson,,,2008,2011
3005a2e9,De Alejandro,Marte,Marte,1930,2,16,alt-spelling,en,DeAlejandro,Marte,Marte,,,,
3005a2e9,De Alejandro,Marte,Marte,1930,2,16,alias,en,DeAlejandro,Marte,Marte,,,,
5effd827,DeAngelus,Michael,Michael,1917,,,alt-spelling,en,Deangelis,Michael,Michael,,,,
07c783c9,DeBiase,Joseph,Joseph,,,,alt-spelling,en,DeBiase,Joseph,Joseph,,,,
6455a0d2,DiBiasi,Vincent,Vincent,1920,9,24,alt-spelling,en,DeBiasi,Vincent,Vincent,,,,
ca229e04,DiBlasi,Samuel,Samuel V.,1922,8,13,alt-spelling,en,DeBlasi,Samuel,Samuel V.,,,,
cad90ddb,Dubrava,William,William J.,1931,9,28,alt-spelling,en,DeBrava,William,William,,,,
b0b2c917,DeBusschere,Dave,David Albert,1940,10,16,alt-spelling,en,DeBusschre,David,David Albert,,,,
20a3d6fc,DiCiglio,Vito,Vito N.,1930,,,alt-spelling,en,DeCeglio,Vito,Vito N.,,,,
6b0ce805,Villarreal,Juan,Juan de Dios,1937,3,8,alias,en,DeDios,Juan,Juan V.,,,,
e0493999,Dedmon,Thomas,Thomas Hal,1925,,,alt-spelling,en,Dedmond,Thomas,Thomas H.,,,,
6cd5f1d8,Digiovanni,Rosario,Rosario R.,1926,2,25,alt-spelling,en,DeGiovanni,Rosario,Rosario R.,,,,
59d997ec,DiGregorio,Alfred,Alfred,,,,alias,en,DeGreg,Alfred,Alfred,,,,
c0617d5c,DiGregorio,Frank,Frank William,1924,,,alt-spelling,en,DeGregorio,Frank,Frank,,,,
964e87b9,Encarnacion,Anito,Anito,1972,8,26,alias,en,DeJesus,Anito,Anito,,,,
e4d44b9e,Sabino,Manuel,Manuel,1955,8,13,alias,en,DeJesus,Manuel,Manuel,,,,
52904c9e,Febles,Narcisco,Narcisco,1973,7,15,alias,en,DeLaCruz,Feleles,Narciso Feleles,,,,
011a3966,Martinez,Freddy,Freddy,1979,4,3,alias,en,DeLaCruz,Jose,Jose David,,,,
0ac983f0,Gutierrez,Andres,Andres,,,,alias,en,DeLaFuente,Andres,Andres Gutierrez,,,,
1ac66cb0,Garcia,Jose,Jose Andres,1982,9,23,alias,en,DeLaRosa,Isias,Isias,,,,
2b8e9c36,DelIsola,Salvatore,Salvatore,1929,,,alt-spelling,en,DellaIsola,Salvatore,Salvatore,,,,
6df3f9f8,Guzman,Freddy,Freddy Antonio,1981,1,20,alias,en,DeLosSantos,Pedro,Pedro,,,,
b0339295,DeMoisey,John,John R.,1913,,,alt-spelling,en,DeMaisey,John,John R.,,,,
69d9673c,DeMinico,Charles,Charles A.,1924,,,alt-spelling,en,DeMinoco,Charles,Charles A.,,,,
e3159c49,Demster,Wayne,Wayne,1916,,,alt-spelling,en,Dempster,Wayne,Wayne,,,,
fdfdf60e,DiMuzio,Carmen,Carmen Floyd,1926,3,31,alt-spelling,en,Demuzio,Carmen,Carmen Floyd,,,,
bd64f82d,DiNicola,John,John,1926,,,alt-spelling,en,DeNicola,John,John,,,,
0eaa7967,Desrosiers,Norbert,Norbert,1914,,,alt-spelling,en,Derosier,Norbert,Norbert,,,,
23057d53,DeSouza,Carlos,Carlos,1926,,,alt-spelling,en,DeSanza,Carlos,Carlos,,,,
41d8a8f4,Soto,Joseph,Joseph Jesus,1933,6,12,alt-spelling,en,DeSoto,Joseph,Joseph J.,,,,
aa90465b,Devarez,Cesar,Cesar Salvatore,1969,9,22,alt-spelling,en,Devares,Cesar,Cesar S.,,,,
83d64132,Dzuris,Dee,Andrew J.,1917,7,1,alt-spelling,en,Dezuris,Dee,Dee,,,,
e9e41ac6,Dimond,Ben,Ben,1888,11,20,alt-spelling,en,Diamond,Ben,Ben,,,,
43a02eca,Diaz,Israel,Israel,1939,,,alias,en,Diaz,Israel,Israel,,,,
bf76001c,Rivera,Javier,Javier,1929,,,alias,en,Diaz,Javier,Javier,,,,
86eceab7,Hernandez,Habelito,Habelito,1981,1,11,alias,en,Diaz,Juan,Juan Gabriel,,,,
2d9e4a90,Salvatierra,Manny,Manuel,1919,1,28,alias,en,Diaz,Manuel,Manuel S.,,,,
e78dd3be,Salgado,Ramon,Ramon,1929,,,alias,en,Diaz,Ramon,Ramon S.,,,,
275c6378,Andrade,Salvador,Salvador,1936,,,alias,en,Diaz,Salvador,Salvador Andrade,,,,
55b3bf63,Arteaga,Virgilio,Virgilio,1920,,,alias,en,Diaz,Virgilio,Virgilio A.,,,,
fa4eb32f,DeCecco,Charles,Charles J.,1916,,,alt-spelling,en,DiCecco,Charles,Charles J.,,,,
74aea67a,DeCecco,Joseph,Joseph,1924,6,30,alt-spelling,en,DiCecco,Joseph,Joseph,,,,
3e36b1a2,Dix,Don,Robert Donald,1925,3,27,birth,en,Dick,Don,Robert Donald,,,,
af8e1b8d,Dick,Ralph,Ralph D.,1948,3,22,legal,en,Dick,Ralph,Ralph D.,,,,
ec5d5106,Deitz,Emmett,Emmett Edwin,1931,2,2,alt-spelling,en,Dietz,Emmett,Emmett Edwin,,,,
fe554869,DeFiore,Sylvio,Sylvio,1926,,,alt-spelling,en,DiFiore,Sylvio,Sylvio,,,,
349cd4b8,DiGrace,Jack,John Joe,1921,,,birth,en,DiGrace,John,John,,,,
69d9673c,DeMinico,Charles,Charles A.,1924,,,alt-spelling,en,DimInico,Charles,Charles A.,,,,
bdd0a4b1,DeStefano,Vincent,Vincent,,,,alt-spelling,en,DiStefano,Vincent,Vincent,,,,
669afcbe,Pearce,Walter,Walter Irvin,1896,10,23,alias,en,Diver,Walter,Walter,,,1919,1919
472c6895,Dobby,John,John A.,1916,,,birth,en,Dobromilski,John,John A.,,,,
352be748,Dolci,Lou,Louis William,1929,12,29,alias,en,Dolci,Louis,Louis William,,,,
14545baf,Doljack,John,John F.,1904,1,30,alt-spelling,en,Doljak,John,John F.,,,,
b185af9b,Garcia,Mario,Mario,,,,alias,en,Domingo,Mario,Mario G.,,,,
434edf62,Santo Domingo,Rafael,Rafael,1955,11,24,alias,en,Domingo,Rafael,Rafael S.,,,,
89809474,Lopez,Jorge,Jorge Luis,1928,,,alias,en,Dominguez,Jorge,Jorge L.,,,,
7fb375ac,Dominguez,Juan,Juan Ramon,1980,5,18,alias,en,Dominguez,Jose,Jose A.,,,,
fcc624da,Castillo,William,William A.,1952,,,alias,en,Donaire,William,William,,,,
b2f31749,Doolin,Mickey,Michael Joseph,1880,5,7,alt-spelling,en,Doolin,Michael,Michael,,,,
d2709d65,Blackard,Paul,Paul H.,1902,,,alias,en,Doss,Paul,Paul,,,,
a3eaae48,Glenalvin,Bob,Robert Joseph,1867,1,17,legal,en,Dowling,Edward,Edward W.,,,,
29a074ff,Drottar,Albert,Albert J.,1912,12,11,alt-spelling,en,Drattar,Albert,Albert J.,,,,
f9d1cc92,Rowan,Dave,David,1881,12,6,birth,en,Drohan,Dave,David,,,,
9be829e4,Dunne,Raymond,Raymond G.,1926,,,alt-spelling,en,Duane,Raymond,Raymond,,,,
d40eced1,Duberstein,Edward,Edward,1911,,,alias,en,Duber,Edward,Edward,,,,
21886fb8,Dubic,Chet,Chester W.,1918,,,alias,en,Dubicki,Chet,Chester W.,,,,
21886fb8,Dubic,Chet,Chester W.,1918,,,birth,en,Dubicki,Chet,Chester W.,,,,
1ee85e7c,Maddox,Nick,Nicholas,1886,11,9,legal,en,Duffy,Nick,Nicholas,,,,
123876d2,Dubiscz,Stanley,Stanley J.,,,,alt-spelling,en,Dunisz,Stanley,Stanley J.,,,,
97de2305,Shroyer,Albert,Albert C.,,,,alias,en,Durrette,Albert,Albert,,,,
eafc2196,Dayne,Mike,Michael Paul,1925,1,25,birth,en,Dzingielowski,Mike,Michael Paul,,,,
72279241,Early,Jack,John,,,,alt-spelling,en,Earley,Jack,Jack,,,,
84d57887,Faye,Ed,Edward,1891,1,9,legal,en,East,Ed,Edward Faye,,,,
27445a0c,Eddelman,Britton,Britton,1918,,,alt-spelling,en,Edelman,Britton,Britton,,,,
dab44c7c,Edmondson,Bob,Robert E.,1879,4,30,alt-spelling,en,Edmundson,Bob,Robert E.,,,,
aa404011,Ike,Albert,Albert,1866,5,,birth,en,Eich,Albert,Albert,,,,
37c37a33,Embry,Slim,Charles Akin,1901,8,17,alt-spelling,en,Embrey,Slim,Charles Akin,,,,
f0e3feff,Emery,Joseph,Joseph Bernard,1934,,,alias,en,Emery,Ted,Theodore,,,,
0cfa6cd3,Englehorn,Dale,Dale,1916,,,alt-spelling,en,Engelhorn,Dale,Dale,,,,
58f87a31,Ereu,William,William,1959,3,10,alias,en,Ersel,William,William,,,,
93fcc4ef,Esper,Duke,Charles H.,1867,7,28,alias,en,Esbacher,Charles,Charles,,,,
3ee2590e,Martinez,Piter,Piter D.,1978,4,5,alias,en,Escalante,Peter,Peter,,,,
33ca2707,Espie,,,,,,alt-spelling,en,Espey,,,,,,
b95058fe,Garcia,Geivy,Geivy Antonio,1982,7,8,alias,en,Espinal,Jhovany,Jhovany,,,,
489e377a,Sandoval,Juan,Juan Francisco,1981,1,12,alias,en,Espinal,Luis,Luis Manuel,Diaz,,,
29d278de,Acevedo,Julio,Julio Espinosa,1961,,,alias,en,Espinosa,Julio,Julio,,,,
c225071e,Almarante,Jose,Jose Manual,1988,10,19,alias,en,Estalis,Edouard,Edouard,,,2008,2010
c1ca4696,Solano,Claudio,Claudio E.,1926,2,14,alias,en,Estrella,Claudio,Claudio Solano,,,,
354f279f,Evans,Joseph,Joseph,,,,birth,en,Evanichko,Joseph,Joseph,,,,
6c11075b,Evanichko,Joseph,Joseph,1929,3,10,alias,en,Evans,Joseph,Joseph,,,,
83d52aa2,Evans,Nat,Nathaniel Isaac,1876,4,11,birth,en,Evensky,Nat,Nathaniel Isaac,,,,
3405bbd3,Favela,Jaime,Jaime,1939,2,25,alt-spelling,en,Fabela,Jaime,Jaime,,,,
587f72f1,Fabela,Rafael,Rafael,1931,11,10,alt-spelling,en,Fabela,Rafael,Rafael,,,,
4b1ac5e5,Faling,Donald,Donald C.,1928,,,alt-spelling,en,Failing,Donald,Donald C.,,,,
c1cc32c7,Keane,William,William Edward,1881,6,23,alias,en,Fallon,William,William E.,,,1903,1903
bcd0f031,Samuel,Dauwill,Dauwill Jose,1980,10,29,alias,en,Febles,Hector,Hector M.,,,,
7a47fc0c,Felix,Juan,Miguel Juan,1975,12,30,alias,en,Felix,Antonio,Antonio C.,,,,
2c571344,Espinal,Jose,Jose Ramon,1976,8,31,alias,en,Feliz,Jose,Jose R.,,,,
717aad9f,Fido,Joseph,Joseph,,,,alias,en,Fidullo,Joseph,Joseph,,,,
44a69cf3,Correa,Antero,Antero,1978,1,3,alias,en,Figueroa,Eduardo,Eduardo,,,,
97a75ed4,Filice,Pete,Peter,1922,3,14,alt-spelling,en,Filice,Peter,Peter,,,,
080195f0,Filippi,Jim,James W.,1963,9,23,alt-spelling,en,Fillippi,James,James W.,,,,
9396a5f7,Finley,Doug,Owen Douglas,1928,9,25,alt-spelling,en,Finaley,Douglas,Douglas,,,,
0d98b547,Escalona,Javier,Javier,1925,,,alias,en,Flores,Javier,Javier,,,,
2864a527,De Leon,Juan,Juan C.,1980,6,24,alias,en,Flores,Manuel,Manuel E.,,,,
2b01cd71,Farless,Samuel,Samuel Irvin,1930,,,alt-spelling,en,Forless,Samuel,Samuel Irvin,,,,
9f5a2c5e,Forsythe,Maurice,Maurice G.,1915,,,alt-spelling,en,Forsyth,Maurice,Maurice G.,,,,
0e96c23e,Forwood,Walter,Walter H.,1921,,,alt-spelling,en,Foxwood,Walter,Walter H.,,,,
4cf13396,Gonzalez,Jose,Jose Luis,1977,11,17,alias,en,Franco,Jose,Jose,,,,
b2f99b7e,Jones,Sam,Samuel,1925,12,14,legal,en,Franklin,Daniel,Daniel Pore,,,,
c33a3d55,Frasinetti,James,James William,1932,,,alt-spelling,en,Fransinetti,James,James William,,,,
95a3e972,Freiberger,Arthur,Arthur Lewis,1928,8,6,alias,en,Frei,Arthur,Arthur Lewis,,,,
dc031e31,Frias,Adolfo,Adolfo Soto,1965,11,2,alias,en,Frias-Soto,Adolfo,Adolfo,,,,
803f307a,Freund,Frank,Lawrence Joseph,1875,7,5,alias,en,Friend,Lawrence,Lawrence J.,,,,
b9ff890b,McLean,Robert,Robert J.,1923,8,5,alias,en,Frith,Robert,Robert,,,,
bf1eb96b,Few,William,William E.,,,,alt-spelling,en,Fue,William,William E.,,,,
2aaf41b1,Vogel,A.,A.,,,,alt-spelling,en,Fugel,C.,C.,,,1906,1906
cc5a196e,Fullenwider,Phifer,Phifer,1886,12,13,alt-spelling,en,Fullenweider,Phifer,Phifer,,,,
8ab89f80,Fulenwider,Emmitt,Emmitt R.,1915,2,22,alt-spelling,en,Fullenwider,Emmett,Emmett,,,,
30770344,Oliva,Jose,Jose,1971,3,3,alias,en,Galvez,Jose,Jose,,,,
df340345,Mento,Al,Alfredo,1978,2,21,alias,en,Garcia,Alfredo,Alfredo,,,,
bd206061,Martinez,Domingo,Domingo,1980,8,28,alias,en,Garcia,Angleidy,Angleidy,,,,
2c0c459e,Garcia-Luna,Frank,Francisco Javier,1973,4,6,alias,en,Garcia,Francisco,Francisco,,,,
b7dff9c2,Galindo,Guillermo,Guillermo,1933,,,alias,en,Garcia,Guillermo,Guillermo,,,,
43077723,Casilla,Santiago,Santiago,1980,7,25,alias,en,Garcia,Jairo,Jairo,,,,
49dbe90b,Abreu,Angel,Angel L.,1980,2,27,alias,en,Garcia,Rafaelito,Rafaelito,,,,
17938fea,Soriano,Victor,Victor,1958,4,1,alias,en,Garcia,Victor,Victor,,,,
f9acf37c,Sanchez,Eliseo,Eliseo,1937,6,14,alias,en,Garza,Eliseo,Eliseo,,,,
11db1da4,Garza,Raymundo,Raymundo,1928,3,29,alias,en,Garza,Ray,Ray,,,,
81485cf4,Garza,Regino,Regino,1926,,,alias,en,Garza Gomez,Regino,Regino,,,,
0a4fffe8,Gaston,Ryan,Ryan Dale,1977,5,24,legal,en,Gaston Hyde,Ryan,Ryan Dale,,,,
a51723b0,Valdez,Edward,Edward Enrique,1980,2,8,alias,en,German,Rafael,Rafael A.,,,,
bb65146f,Greer,Ed,Edward,1863,7,29,legal,en,Gewehr,Adam,Adam Edward,,,,
9e6bde5a,Gomez,Luis,Luis Alfredo,1987,12,15,alias,en,Gil,Daniel,Daniel,,,2007,2009
b9db632b,Rodriguez,Orbandy,Orbandy,1988,9,29,alias,en,Gil,Manuel,Manuel,,,2008,2009
f84c202e,Ghiladri,Edward,Edward,,,,alt-spelling,en,Gilhardi,Edward,Edward,,,,
e60d9bec,Dowling,Dave,David Barclay,1942,8,23,legal,en,Gill,Dave,David Barclay,,,,
11bb6905,Gaines,Samuel,Samuel,1923,7,22,birth,en,Ginzburg,Samuel,Samuel,,,,
f8b57138,Glassburner,William,William George,1875,10,23,birth,en,Glassbrenner,William,William George,,,,
cc698f93,Glenn,Ed,Edward C.,1860,6,15,legal,en,Glinn,Ed,Edward C.,,,,
5d1d1ec6,Gmutza,Stephen,Stephen W.,1928,1,23,alt-spelling,en,Gmatza,Stephen,Stephen W.,,,,
162e0bb6,Godlew,George,George S.,1918,,,legal,en,Godlewski,George,George S.,,,,
a2e78c66,Gockel,Gus,August,1898,10,22,alt-spelling,en,Goeckel,Gus,August,,,,
cd304dc8,Goldasich,Paul,Paul J.,1912,4,10,alias,en,Golden,Paul,Paul J,,,,
baa689dd,Nelson,Barry,Barry D.,1968,8,24,alias,en,Goldman,Barry,Barry D.,,,1993,1995
80d74d63,Janicek,Lou,Louis H.,1918,4,22,alias,en,Goldman,Louis,Louis H.,,,,
ffc3661b,Baski,Edward,Edward Sylvester,,,,birth,en,Golembiewski,Edward,Edward Sylvester,,,,
1ffa0888,Montero,Carlos,Carlos Eduardo,1988,6,15,alias,en,Gonzalez,Edisson,Edisson,,,2007,2007
007efc5c,Gonzalez-Lopez,Jerry,Jerry,1985,10,30,alias,en,Gonzalez,Jerry,Jerry,,,,
81b936b3,Uribe,Jose,Jose Altagracia,1959,1,21,birth,en,Gonzalez,Jose,Jose,,,,
790c3079,Goodsoozian,Samuel,Samuel,1931,,,alias,en,Goody,Samuel,Samuel,,,,
f2eca6cb,Goethe,Homer,Homer C.,1910,,,alt-spelling,en,Gothe,Homer,Homer C.,,,,
adda4d8b,Bartholemy,Al,Alfred Edward,1895,4,26,birth,en,Gottsacker,Alfred,Alfred Edward,,,,
7fbe4a00,Gazdziasksi,John,John,1918,,,alt-spelling,en,Gozdialski,John,John,,,,
8ff6da1d,McMerrell,Edward,Edward,,,,alias,en,Green,Harry,Harry,,,,
bde99d5c,Houghton,William,William H.,,,,alias,en,Green,William,William H.,,,1904,1904
c0617d5c,DiGregorio,Frank,Frank William,1924,,,alias,en,Gregory,Frank,Frank William,,,,
71fd9f19,Grinnelli,Herb,Herb,,,,alt-spelling,en,Grinell,Herb,Herb,,,,
a5d998e3,Gronkiewicz,John,John Peter,,,,legal,en,Gronke,John,John Peter,,,,
e7e130f4,Jaust,John,John E.,1918,3,26,alias,en,Grzech,John,John E.,,,,
9c641e6e,Pacheco,Julio,Julio,1981,12,22,alias,en,Guerrero,Hector,Hector,,,,
54481a3b,Gridaitis,Toni,Anthony,1914,,,alt-spelling,en,Guidaitis,Anthony,Anthony,,,,
80ba35e2,Hack,Clarence,Clarence,1913,,,birth,en,Hackbarth,Clarence,Clarence,,,,
ebb93ff1,Paek,In-cheon,In-cheon,1943,11,27,alias,en,Haku,Jinten,Jinten,,,,
1270cdc0,Lukens,Al,Albert P.,1868,11,15,legal,en,Hall,Al,Prince Albert,,,,
5ee7ed00,Alderman,Dal,Dallas Geer,1884,10,16,alias,en,Hallman,Dal,Dal,,,1907,1907
5df9deda,Hallan,William,William E.,,,,alt-spelling,en,Hallon,William,William E.,,,,
b55363f0,Martell,Leon,Leon Alphonse,,,,alias,en,Hanlon,Jack,Jack,,,,
60a3207a,Hannafin,Larry,Lawrence Joseph,1879,8,14,alt-spelling,en,Hannifan,Lawrence,Lawrence Joseph,,,,
e0b5a47e,Hannan,Donald,Donald E.,1916,,,alt-spelling,en,Hannon,Donald,Donald E.,,,,
f1f67774,Hape,Virgil,Virgil W.,1912,10,15,alt-spelling,en,Hapes,Virgil,Virgil W.,,,,
1e81ae47,Horowitz,Herbert,Herbert,1929,,,alias,en,Harrow,Herbert,Herbert,,,,
20ca2c46,Hart,William,William Fredrick,1890,5,18,birth,en,Harth,William,William Fredrick,,,,
01060b75,Dethlefsen,John,John David,,,,alias,en,Hartsell,John,John,,,,
b3d9fe35,Hollingsworth,Wallace,Wallace P.,,,,alias,en,Hatfield,Wallace,Wallace O.,,,,
df5bf15e,Duverge,Salvadore,Salvadore Anibal,1976,5,14,alias,en,Hawkins,Salvadore,Salvadore Anibal,,,,
f74e70d8,Hughes,Harry,Harry,1890,1,29,alias,en,Hayes,Harry,Harry,,,1912,1912
ec71c945,McGilvray,Bill,William Alexander,1883,4,29,alias,en,Hayes,William,William A.,,,1903,1904
3c224e43,Sano,Motokuni,Motokuni,1958,3,6,birth,en,Hazakakis,Cristo,Cristo Horace,,,,
9595a4eb,Hazelton,Doc,Willard Carpenter,1876,8,28,alt-spelling,en,Hazleton,Doc,Willard Carpenter,,,,
ef967e63,Heckinger,James,James E.,1925,,,alt-spelling,en,Hechinger,James,James E.,,,,
29c2d736,Hiligenstine,Bernard,Bernard,,,,alias,en,Heiley,Bernard,Bernard,,,,
22da3561,Heinrichs,Darren,Darren,1978,2,6,alt-spelling,en,Heinricks,Darren,Darren,,,,
0c50ab40,Helgeth,Benny,Bernard Joseph,1901,11,15,birth,en,Hellgeth,Benny,Bernard Joseph,,,,
957d4da0,Henderson,Rickey,Rickey Nelson Henley,1958,12,25,legal,en,Henley,Rickey,Rickey Nelson,,,,
92ec8fce,Gil,Ronny,Ronny Antonio,1989,3,15,alias,en,Hernandez,Grabiel,Grabiel,,,2009,2009
171fb04d,Hernandez,Roberto,Roberto,1980,8,30,legal,en,Hernandez,Robert,Robert,,,,
c88f27d8,Herell,John,John B.,,,,alt-spelling,en,Herrell,John,John B.,,,,
d76a2100,Herrman,Sam,Sam,,,,alt-spelling,en,Herrmann,Sam,Sam,,,,
67e95301,Hettesheimer,Vernon,Vernon F.,,,,alias,en,Hetty,Vernon,Vernon F.,,,,
86cb2ff7,Solis,Sammy,Samuel Robert,1988,8,10,birth,en,Hickey,Sammy,Samuel Robert,,,,
0f0324d2,Hickson,Roy,Roy H.,,,,alias,en,Hicks,Roy,Roy H.,,,,
6d04a2f4,Hirai,Saburo,Saburo,1923,9,4,alias,en,Hirai,Masaaki,Masaaki,,,,
387cc6fb,Hirano,Kenji,Kenji,1927,9,16,alias,en,Hirano,Norimatsu,Norimatsu,,,,
53db1bfa,Hirono,Mamoru,Mamoru,1940,11,21,alias,en,Hirono,Tsubasa,Tsubasa,,,,
dd4f4918,Hisano,Goji,Goji,1943,5,21,alias,en,Hisano,Tsuyoshi,Tsuyoshi,,,,
804babcc,Hummey,John,John B.,1923,,,birth,en,Hmurovich,John,John B.,,,,
f81b4f62,Hoefken,Lester,Lester,1919,,,alt-spelling,en,Hoeffken,Lester,Lester,,,,
8c8e937f,Hoffman,John,John William,1923,11,30,alt-spelling,en,Hoffmann,John,John William,,,,
8c8e937f,Hoffman,John,John William,1923,11,30,alt-spelling,en,Hofmann,John,John William,,,,
c82970e9,Celusta,Walter,Walter,1913,,,alias,en,Hogan,Walter,Walter,,,,
b3d9fe35,Hollingsworth,Wallace,Wallace P.,,,,alias,en,Holly,Wallace,Wallace,,,,
06e99cac,Hollander,William,William,,,,alias,en,Holly,William,William,,,1911,1911
a0e75d28,Hoshiyama,Shintoku,Shintoku,1938,7,7,alias,en,Hoshiyama,Yoshinori,Yoshinori,,,,
43fdb9ca,Howie,Will,William,,,,alt-spelling,en,Howey,William,William,,,,
e435a9ff,Houtz,Bill,William Earl,1924,7,29,alias,en,Howitz,Bill,Bill,,,1949,1949
26af2ba3,Hoyniski,Stanley,Stanley M.,1915,3,27,alt-spelling,en,Hoynitski,Stanley,Stanley M.,,,,
e1d29878,Lafferty,Sam,Sam,,,,alias,en,Hueston,Sam,Sam,,,,
ffb9fa5b,Hutchinson,Don,Donald M.,1913,1,31,legal,en,Hutson,Don,Donald Montgomery,,,,
b8e2f360,Hyodo,Tadashi,Tadashi,1934,8,9,alias,en,Hyodo,Kiyoshi,Kiyoshi,,,,
2c464230,Imholz,Jim,James Henry,1929,,,alt-spelling,en,Imholtz,Jim,James Henry,,,,
2d114edb,Bartola,Lou,Louis J.,1917,10,14,birth,en,Intrabartola,Louis,Louis J.,,,,
ce524755,Trava,Joseph,Joseph,,,,legal,en,Intravatolo,Joseph,Joseph,,,,
3f7f34e4,Iwanicki,Bob,Robert J.,1916,,,alt-spelling,en,Ivanicki,Robert,Robert J.,,,,
d328afa1,Ivy,Mel,Melvin,1914,4,28,legal,en,Ivanski,Mel,Melvin,,,,
cbdae0ea,Maeoka,Kinya,Kinya,1937,8,13,birth,en,Izaki,Kinya,Kinya,,,,
7e55266e,Matos,Osiris,Osiris G.,1984,8,6,alias,en,Jaquez,Eddi,Eddi R.,,,,
b2e7cbbe,Jefferies,Henry,Henry,,,,alt-spelling,en,Jeffries,Henry,Henry,,,,
de2bb5d7,Czajkowski,Joseph,Joseph N.,1928,,,alias,en,Jelly,Joseph,Joseph,,,,
3587e25c,Jimenez,Ramon,Ramon A.,,,,alt-spelling,en,Jiminez,Ramon,Ramon A.,,,,
d5932415,Leday,A. J.,Anthony Darnell,1973,2,17,alias,en,Johnson,A. J.,Anthony Darnell,,,,
45dd3d7b,Johnston,Trey,Ronald Allen,1985,7,4,alias,en,Johnston,Ronald,Ronald A.,,,2003,2004
d2603e6c,Jordan,Russell,Russell F.,1917,,,alt-spelling,en,Jordon,Russell,Russell F.,,,,
752ef4e5,Shaw,T. B.,T. B.,,,,legal,en,Jost,,,,,,
02f664dd,Jumelles,Edduar,Edduar Antonio,1977,12,23,alias,en,Jumelles,Victor,Victor Manuel,,,,
7c5c5c24,Jusits,Charles,Charles,,,,alt-spelling,en,Justis,Charles,Charles,,,,
bf57ae61,Ohara,Heishu,Heishu,1984,4,16,legal,en,Kang,Byeong-soo,Byeong-soo,,,,
fb9c36f4,Kang,Jung Ho,Jung Ho,1987,4,5,alt-spelling,en,Kang,Jeong-ho,Jeong-ho,,,,
c69210bd,Kapuscinski,William,William Edward,1930,,,alias,en,Kapp,William,William Edward,,,,
42e8db6e,Kakareka,Chester,Chester A.,1922,4,23,alt-spelling,en,Kareka,Chester,Chester A.,,,,
939151af,Kasprzyk,Edward,Edward G.,1926,,,alias,en,Kasprzyk,Edward,Edward G.,,,,
fd7faab8,Kats,Bill,William G.,1915,2,18,birth,en,Katsilometes,Bill,William G.,,,,
07e57210,Koval,Tom,Thomas J.,1915,3,7,birth,en,Kavalauskas,Tom,Thomas J.,,,,
d0c9cab8,Kavanaugh,Gene,Eugene H.,1916,,,alt-spelling,en,Kavanagh,Gene,Eugene H.,,,,
de784586,King,H. A.,H. A.,,,,birth,en,Kelley,H. A.,H. A.,,,,
599695cd,Kelly,Robert,Robert Eugene,1928,,,alt-spelling,en,Kelley,Robert,Robert Eugene,,,,
37111309,Kelman,Leon,Edrick,1927,9,4,alt-spelling,en,Kellman,Leon,Edrick,,,,
bf526c5e,Nelson,Ray,Raymond,1875,8,4,alias,en,Kellogg,Ray,Raymond,,,1903,1903
8314c67e,Kelley,James,James Francis,1928,,,alt-spelling,en,Kelly,James,James Francis,,,,
7c0bc0fa,Kenny,Kenneth,Kenneth Eugene,1913,,,alt-spelling,en,Kenney,Kenneth,Kenneth,,,,
68fb3493,Kensecki,Len,John Allen,1918,10,7,alt-spelling,en,Kensecke,Len,John Allen,,,,
c9413e23,Kepler,Max,Maximilian,1993,2,10,alias,en,Kepler-Rozycki,Max,Maximilian,,,2010,2010
be896e41,VandeKerchove,Gilbert,Gilbert,1926,7,3,alt-spelling,en,Kerchove,Gilbert,Gilbert,,,,
08c68ab4,Refsnyder,Rob,Robert Daniel,1991,3,26,birth,en,Kim,Jung-tae,Jung-tae,,,,
2a4082f7,Tanaka,Minoru,Minoru,1967,6,3,legal,en,Kim,Sil,Sil,,,,
9b151a31,Kimble,John,John E.,1904,12,31,alt-spelling,en,Kimball,John,John E.,,,,
8c4be869,Kimbrel,Al,Albert,,,,alt-spelling,en,Kimbrell,Albert,Albert,,,,
2c014d4a,Cole,Ed,Edward William,1909,3,22,alias,en,Kisloski,Edward,Edward,,,,
61cc4238,Kister,Thomas,Thomas,1920,,,alt-spelling,en,Kistor,Thomas,Thomas,,,,
ddd07d5e,Klark,Donald,Donald,1933,,,birth,en,Klarkowski,Donald,Donald,,,,
aff1af44,Kloza,Nap,John Clarence,1903,9,7,legal,en,Klojzy,Jan,Jan,,,,
9a9edda0,Coombs,Edward,Edward,,,,alias,en,Klosowski,Edward,Edward,,,,
2fcef52f,Hodge,Simon,Simon Gorger,1961,9,28,alias,en,Knight,Simon,Simon Gorger,,,,
359ecd5d,Yoshimura,Mototomi,Mototomi,1962,4,17,alias,en,Ko,Won-bu,Won-bu,,,,
675a78c5,Kobayashi,Mitsuru,Mitsuru,1978,12,10,alt-spelling,en,Kobayashi,Mitsuru,Mitsuru,,,,
500561a0,Koopman,Charlie,Charles,1885,,,alt-spelling,en,Koepmann,Charles,Charles,,,,
a9138175,Kohler,Henry,Henry C.,1852,5,5,legal,en,Koller,Henry,Henry C.,,,,
605adf11,Koney,Norman,Norman Richard,1923,5,13,birth,en,Konieczny,Norman,Norman Richard,,,,
eaeab569,Glane,William,William Charles,1927,10,1,birth,en,Kowalczuk,William,William Charles,,,,
fbbc1569,Krow,Ed,Edward,,,,legal,en,Krakowski,Ed,Ed,,,,
9767f2d8,Cross,Amos,Amos C.,1860,2,,legal,en,Kriz,Emile,Emile,,,,
b384b5d3,Cross,Lave,Lafayette Napoleon,1866,5,12,legal,en,Kriz,Vratislav,Vratislav,,,,
46c62b6f,King,Joseph,Joseph John,1920,,,alias,en,Krol,Joseph,Joseph John,,,,
4fd875c7,Krop,Robert,Robert John,1938,8,5,legal,en,Kropiewnicki,Robert,Robert John,,,,
f9f0e6cc,Kuni,Al,Aloysius Frank,1919,2,9,legal,en,Kunigonis,Aloysius,Aloysius Frank,,,,
54e3eeb3,Witt,George,George J.,1924,,,birth,en,Kwasniewski,George,George J.,,,,
7386726e,LaCourage,Frank,Frank,,,,birth,en,Lacourrege,Frank,Frank,,,,
4836333c,Candelario,Eddi,Eddi M.,1977,11,3,alias,en,Lantigua,Delvis,Delvis E.,,,,
e57d03ec,Jean,Carlos,Carlos Alberto,1994,6,27,alias,en,Laureano,Carlos,Carlos Alberto,,,,
6ca01987,Black,Karl,Karl Leonard,1890,4,4,birth,en,Lautenschlager,Karl,Karl Leonard,,,,
9fff2c98,Black,Carl,Carl W.,1946,10,14,birth,en,Lautenschlager,Karl,Karl,,,,
2125709c,Lawton,Al,Allan D.,,,,alias,en,Lawrence,Al,Allan D.,,,1903,1903
75577f8f,Lawrence,Allen,Allen R.,1921,7,5,alias,en,Lawton,Allen,Allen,,,,
d2313dce,Florek,Adam,Adam B.,1925,,,alias,en,Lee,Jack,Jack,,,,
2be26a89,Pigg,Melvin,Melvin Lee,1925,,,alias,en,Lee,Melvin,Melvin,,,,
a1607884,Lewandowski,Joseph,Joseph,1924,7,9,alias,en,Leonard,Joseph,Joseph,,,,
42833872,Luse,Vern,Vern,,,,alias,en,Lewis,Vern,Vern,,,,
3ecc0f06,Lockwood,Harry,Harry K.,1923,4,14,alias,en,Locke,Harry,Harry,,,1949,1949
0fceae13,Santop,Louis,D. Louis,1889,1,17,legal,en,Loftin,Louis,Louis Santop,,,,
a7e950ea,Luchia,Fred,Frederick James,1873,12,5,alt-spelling,en,Lucia,Fred,Frederick James,,,,
6689d414,Lukanovic,Tom,Thomas E.,1901,1,6,birth,en,Lukanovic,Tom,Tomas,,,,
b3f1a125,Lucas,Ernest,Ernest G.,1928,,,birth,en,Lukaszewicz,Ernest,Ernest G.,,,,
5d101d43,Lewis,Joseph,Joseph G.,1918,,,birth,en,Luszcz,Alexander,Alexander,,,,
5ee00929,Woodworth,C. F.,C. F.,,,,alias,en,Mack,,,,,,
c1bfed34,Johnson,Tomas,Tomas,1950,6,1,alias,en,Madrazo,Tomas,Tomas,,,,
e6a527eb,Markell,Duke,Harry Duquesne,1923,8,17,alias,en,Makowsky,Harry,Harry,,,,
6d28d220,Eddy,James,James M.,,,,legal,en,Mann,Edward,Edward,,,,
3717b6a8,Manner,Harry,Henry J.,,,,alias,en,Manners,Harry,Henry J.,,,,
68a25060,Morse,Frank,Frank,1880,4,25,birth,en,Marsheuser,Frank,Frank,,,,
7739b6b0,Mustaikis,Alex,Alexander Dominick,1909,3,26,alias,en,Martin,Alexander,Alexander,,,,
05148239,Martinez,Dennis,Jose Dennis,1954,5,14,legal,en,Martinez,Denis,Denis Jose,Ortiz,,,
786dd768,Prensa,Carlos,Carlos M.,1980,6,29,alias,en,Martinez,Hancen,Hancen,,,,
2919c1ac,Felix,Maximo,Maximo,1982,8,9,alias,en,Martinez,Joan,Joan M.,,,,
60e77812,Martin,Babe,Boris Michael,1920,3,28,birth,en,Martinovich,Boris,Boris Michael,,,,
82e8130e,Corporan,Willy,Willy Bienvenido,1981,9,2,alias,en,Mateo,Aneudis,Aneudis,,,,
82e8130e,Corporan,Willy,Willy Bienvenido,1981,9,2,alias,en,Mateo,Aneudis,Aneudis W.,,,,
fefbc448,Tiburcio,Hector,Hector Richard,1981,6,11,alias,en,Mateo,Daniel,Daniel,,,,
eabcb421,Valdez,Merkin,Merkin R.,1981,11,5,alias,en,Mateo,Manuel,Manuel,,,,
6a9263d7,Martinez,Carlos,Carlos Ernesto,1991,9,21,alias,en,Matias,Carlos,Carlos,,,2010,2010
af046153,Mierzejek,Leo,Leo Richard,1930,,,alias,en,Mazak,Leo,Leo Richard,,,,
44ad8f6a,Mazur,Al,Alphonse Joseph,1916,4,13,birth,en,Mazurkiewicz,Al,Alphonse Joseph,,,,
27a2ed59,Bender,John,John C.,1880,,,alias,en,McCoy,J. C.,J. C.,,,1902,1903
794008e8,McPhillips,Matty,Matthew,,,,alias,en,McCoy,Matthew,Matthew F.,,,1905,1906
26b2a3c3,Harris,Bucky,Andrew,1906,9,25,legal,en,McGalliard,Harris,Andrew Harris,,,,
f64c4ac3,Mack,Denny,Dennis Joseph,1850,3,14,legal,en,McGee,Dennis,Dennis J.,,,,
3be5ec15,Maguire,Tom,Thomas A.,,,,alt-spelling,en,McGuire,Tom,Thomas A.,,,,
75d9e7be,McCormick,Moose,Harry Elwood,1881,2,28,alias,en,McMahon,Harry,Harry,,,1902,1902
e2cd80f6,McNeeley,Hugh,Harris G.,1876,3,31,legal,en,McNeely,Horatio,Horatio Griffith,,,,
55d02ecb,Rauschenberger,Cory,Cory B.,1984,7,31,alias,en,Meacham,Cory,Cory B.,,,,
cad4c73c,Thoele,Vernon,Vernon V.,1920,2,15,alias,en,Meeks,Larry,Larry,,,1949,1949
45666400,Reyes,Ramon,Edwin Ramon,1981,10,22,alias,en,Mena,Juan,Juan,,,,
0f5934ee,Meredith,Elmer,Elmer Leroy,1874,12,24,birth,en,Merideth,Elmer,Elmer Leroy,,,,
86e9d2f7,Mize,Raymond,Raymond J.,1924,8,12,birth,en,Mieczikowski,Ray,Raymond J.,,,,
63895f1c,Miyamoto,Toshio,Toshio,1933,4,26,alias,en,Miyamoto,Andy,Andy Toshio,,,,
93a67d77,DellaMonica,Joseph,Joseph G.,1927,9,28,alt-spelling,en,Monica,Joseph,Joseph G.,,,,
0c3d408f,Moeller,Danny,Daniel Edward,1885,3,23,alias,en,Moore,,,,,1906,1906
413e6e20,Morton,Sparrow,William P.,1858,8,7,legal,en,Moore,William,William P.,,,,
46232e90,Feliz,Nelson,Nelson Adoni,1982,7,17,alias,en,Morban,Franklin,Franklin J.,,,,
18e52b87,Metro,Charlie,Charles,1918,4,28,birth,en,Moreskowich,Charles,Charles,,,,
46609cfb,Gould,Hal,Harold Lorenzo,1924,9,29,alias,en,Morgan,Lawrence,Lawrence,,,1948,1948
d84addee,Joseph,Onil,Onil Allen,1982,2,12,alias,en,Mota,Miguel,Miguel,,,,
d61d6af8,Nash,Damond,Damond D.,1976,3,7,alias,en,Muhammad,Damon,Damon,,,,
4a6af2e6,Hughes,John,John Joseph,1883,6,4,legal,en,Mulgrew,John,John Joseph,,,,
5937420a,Johnson-Mullins,Chase,Chase Edward,1994,7,19,alias,en,Mullins,Chase,Chase Edward,,,,
59d0468b,Mulvey,James,James,,,,birth,en,Mulvihill,James,James,,,,
dfe98ee2,Masaoka,Shinji,Shinji,1949,8,15,alias,en,Murakami,Shinji,Shinji,,,1972,
f7da7312,Corbin,Harry,Harry,,,,alias,en,Murphy,Harry,Harry,,,1905,1905
ecbf62a4,Marsh,Frank,Frank J.,1923,,,legal,en,Mushinski,Frank,Frank Marsh,,,,
03945508,Misosky,Walter,Walter P.,1916,12,26,birth,en,Mystkowski,Walter,Walter,,,,
ec11eefa,Navie,Walt,Walter J.,1918,4,19,birth,en,Nawiensniak,Walter,Walter J.,,,,
576712ce,Nerino,Hal,Harold,1919,10,8,alias,en,Nevins,Harold,Harold,,,,
59f9fc99,Bell,Cool Papa,James Thomas,1903,5,17,birth,en,Nichols,James,James Thomas,,,,
b95f1255,Nichols,Joe,Joseph,,,,alt-spelling,en,Nickles,Joe,Joseph,,,,
6e5024cd,Nonemaker,Joe,Joseph Frank,1874,5,8,birth,en,Nonenmacher,Joe,Joseph Frank,,,,
423355bc,Nops,Jerry,Jeremiah Henry,1875,6,23,legal,en,Nops,Fredrich,Fredrich Henry,,,,
847fed72,Norcabbage,Alex,Alex John,1883,9,22,birth,en,Norcevix,Alex,Alex John,,,,
f6da81f3,Martinez,Carlos,Carlos M.,1982,5,26,alias,en,Nova,Juan,Juan,,,,
19e4f5f5,Gorman,Daniel,Daniel F.,,,,alt-spelling,en,O'Gorman,Owen,Owen,,,,
9aed4cb2,Graham,Walter,Walter O.,1927,,,alt-spelling,en,O'Graham,Walter,Walter,,,,
10a72a43,Ockey,Walter,Walter Andrew,1920,1,4,alt-spelling,en,Okpych,Walter,Walter,,,,
fea0b8ac,Barrett,Dick,Tracy Souter,1906,9,28,alias,en,Oliver,Richard,Richard,,,,
51491bfe,Ramirez,Emmanuel,Emmanuel,1979,11,2,alias,en,Olivero,Pedro,Pedro,,,,
3c1353bb,Olschewske,Jim,Eldon,1919,10,1,alt-spelling,en,Olszewski,Jim,James,,,,
3c12039e,Snell,Ian,Ian Dante,1981,10,30,alias,en,Oquendo,Ian,Ian,,,,
54db2aa1,Osburn,Pat,Larry Patrick,1949,5,4,alt-spelling,en,Osborn,Pat,Larry Patrick,,,,
7d5894e0,Ostaszewski,Chet,Chet A.,1926,,,alias,en,Oste,Lester,Lester,,,,
f67715fa,Piacentino,Anselmo,Anselmo M.,,,,alias,en,Pace,Sam,Sam,,,,
da48bdd3,Bennett,Alvin,Alvin,1916,,,birth,en,Paciorkowski,Alvin,Alvin,,,,
8989aac3,Carrick,Bill,William Martin,1873,9,5,alias,en,Page,Frank,Frank,,,1904,1904
e1b0c180,Schroeder,Rip,Wilmer B.,1912,,,birth,en,Paltz,Wilmer,Wilmer,,,,
45c9d86a,Biron,Cal,Calvin,1926,1,20,alias,en,Parson,Calvin,Calvin,,,,
20cd66b2,Pascal,Robert,Robert Michael,1930,,,alias,en,Pasquale,Robert,Robert,,,,
d57b2261,Tiburcio,Daniel,Daniel,1987,8,14,alias,en,Paulino,Jorge,Jorge,,,2007,2009
23baaef3,Pesky,Johnny,John Michael,1919,2,27,birth,en,Paveskovich,Johnny,Johnny,,,,
d77d1339,Perechinsky,Raymond,Raymond J.,,,,alt-spelling,en,Perechinski,Raymond,Raymond J.,,,,
bb58c6d2,Nakada,Koji,Koji,1964,6,16,birth,en,Peterson,Mike,Michael Philip,,,,
0849ac97,Petro,Charles,Charles E.,1913,,,birth,en,Petrosevich,Charles,Charles,,,,
4c354a86,Petro,Paul,Paul,1934,,,birth,en,Petryczkowycz,Paul,Paul,,,,
721486bd,Hoffman,,,,,,alias,en,Phillips,,,,,1906,1907
355f68b3,Piper,Frank,Frank,1879,1,,birth,en,Pieper,Frank,Frank,,,,
6ea6ca13,Robinson-Pierce,Whit,Whitney,1982,3,4,alias,en,Pierce,Whit,Whitney,,,,
ec83189a,Percy,Lou,Louis J.,1926,1,26,birth,en,Pierwsza,Lou,Aloysius J.,,,,
061cbdae,Huff,George,George Alexander,1872,6,11,alias,en,Pixley,George,George,,,1895,1897
c2825d5c,Rayle,Jose,Jose,1930,7,4,alias,en,Preciado,Jose,Jose,,,,
ebbe5159,Louico,Williams,Williams,1990,4,10,alias,en,Princivil,William,William,,,2008,2010
f74a6cc9,Tejada,Arcadio,Arcadio Modesto,1937,,,alias,en,Quezada,Arcadio,Arcadio,,,,
b2eebe9d,Espinosa,Victor,Victor Manuel,1980,12,31,alias,en,Ramirez,Wandar,Wandar,,,,
b2eebe9d,Espinosa,Victor,Victor Manuel,1980,12,31,alias,en,Ramirez,Wander,Wandar,,,,
7c0bc0fa,Kenny,Kenneth,Kenneth Eugene,1913,,,birth,en,Rasmussen,Kenneth,Kenneth Eugene,,,,
749d840c,Moreland,Emerson,Emerson Ready,1928,,,alias,en,Ready,Moreland,Moreland,,,,
ffa7e10f,Recio,Pompeyo,Pompeyo,,,,alias,en,Recio,Pompeyo,Pompeyo,,,,
aa9b9579,Brewster,Charlie,Charles Lawrence,1916,12,27,alias,en,Redburn,Jack,Jack,,,1949,1949
aa537ee8,Hart,John,John Henry,1948,7,21,alias,en,Reen,John,John Hart,,,,
0edab237,McCaffery,Robert,Robert K.,1932,,,alias,en,Reid,Douglas,Douglas,,,,
5e8ea128,Rivard,Reggie,Rejean Louis,1978,3,13,alias,en,Rejean,Rhett,Rhett,,,,
eea8a325,Ralsh,Pat,Peter Patrick,1914,7,24,birth,en,Relzda,Peter,Peter James,,,,
5c13d50f,Alvarez,Rente,Rente Isaac,1943,,,alias,en,Rente,Isaac,Isaac,,,,
67640400,Kaiser,Kenneth,Kenneth,1942,,,alias,en,Reveron,Kenneth,Kenneth,,,,
61aa7992,Sanchez,Josias,Josias,1987,12,29,alias,en,Reynoso,Victor,Victor,,,2009,2009
722d1cf4,Bryan,Sam,Sam Tibets,1958,9,28,alias,en,Richardson,Sam,Sam Tibets,,,,
d68c99ef,Diaz,Rafael,Rafael Antonio,1981,6,13,alias,en,Rijo,Carlos,Carlos,,,,
d99b93a4,Wengrenovich,Daniel,Daniel,1926,,,alias,en,Ring,Daniel,Daniel,,,,
27c79ac9,Fisher,Casey,Casey F.,1912,4,21,legal,en,Ripka,Casey,Casey F.,,,,
bac9ad3e,Yates,Bob,Robert W.,1885,2,18,alias,en,Roberts,Bob,Bob,,,1907,1908
5c118751,Griffith,Calvin,Calvin Robertson,1911,12,1,birth,en,Robertson,Calvin,Calvin,,,,
d5547759,Robinson,Jack,John Washburn,1880,7,15,legal,en,Robinson,Arthur,Arthur Washburn,,,,
07cc6526,Francia,Juan,Juan,1947,,,alias,en,Rodriguez,Francia,Francia,,,,
ee229d23,Floyd,Bubba,Leslie Roe,1917,6,23,alias,en,Roe,Bubba,Bubba,,,,
246985a4,Heusser,Ed,Edward Burlton,1909,5,7,alias,en,Rogers,,,,,1929,1929
246985a4,Heusser,Ed,Edward Burlton,1909,5,7,alias,en,Rogers,Ed,Edward,,,,
00b0d31d,Pena,Tony,Ramon Antonio,1982,1,9,alias,en,Rosario,Adriano,Adriano,,,2002,2004
350155ef,Roth,Allan,Allan,1917,5,10,birth,en,Roth,Abraham,Abraham,,,,
b658f4b3,Eichberger,Charles,Charles R.,,,,alias,en,Rudolph,Ed,Ed,,,1911,1911
6a099938,Dexter,Charles,Charles,1879,9,2,alias,en,Russell,Charles,Charles,,,1904,1904
f14a00dc,Moore,William,William,,,,alias,en,Ryan,,,,,1906,1906
699934aa,Salm,Walter,Walter P.,1885,9,14,birth,en,Salmburger,Walter,Walter P.,,,,
f46713b6,Taveras,Nelson,Nelson A.,1983,2,6,alias,en,Sanchez,Elby,Elby,,,,
c5399da6,Tavarez,Milton,Milton A.,1982,3,29,alias,en,Sanchez,Rafael,Rafael,,,,
bd05cb79,Ozuna,Ruben,Ruben J.,1991,8,20,alias,en,Sanchez,Ruben,Ruben,,,2010,2010
deb13b9e,Guerrero,Aneury,Aneury O.,1983,3,16,alias,en,Santana,Candido,Candido A.,,,,
43a38bdc,Sinton,Bill,William Thomas,1921,9,20,birth,en,Santobianco,William,William,,,,
f3279ad3,Severin,William,William J.,1915,4,20,alias,en,Savitsky,William,William J.,,,,
ba55a42e,Sieradski,Thomas,Thomas Harry,1925,,,alias,en,Sawyer,John,John,,,,
63522395,Scagliarini,Americo,Americo,1916,,,alias,en,Scagg,Charlie,Charlie,,,,
4587a767,Martin,Al,Albert Lee,1967,11,24,alias,en,Scales-Martin,Albert,Albert,,,,
16f7473c,Schieffer,Tony,Francis Anthony,1887,9,12,birth,en,Schieffer,Franz,Franz Anton,,,,
2e658a3e,Smith,John,John L.,1889,2,10,birth,en,Schmitz,Johann,Johann,,,,
11c3769e,Snyder,Chubby,Alfred Joseph,1890,8,20,legal,en,Schneider,Alfred,Alfred Joseph,,,,
a50793b6,Kane,Harry,Harry,,,,alias,en,Schoenberg,Harry,Harry,,,,
6a099938,Dexter,Charles,Charles,1879,9,2,legal,en,Schoenberger,Charles,Charles Russell,,,,
5af07eaa,Gessler,Doc,Henry Homer,1880,12,23,alias,en,Schultz,Harry,Harry,,,,
0f334708,Schulz,Otto,Otto Christian,1931,3,18,alt-spelling,en,Schultz,Otto,Otto Christian,,,1950,1950
97872898,Schultz,George,George E.,,,,alt-spelling,en,Schulz,George,George E.,,,,
060bff06,Schesler,Dutch,Charles,1900,6,1,legal,en,Schussler,Charles,Charles,,,,
d5b8fc6a,Howlan,Frank,Francis A.,1924,12,15,alias,en,Schwartz,Frank,Frank,,,,
d655a94a,Sullivan,James,James M.,,,,alias,en,Scully,James,James M.,,,,
f81609e3,Moseley,Marcus,Marcus Arthur,1980,8,12,alias,en,Sents,Marcus,Marcus,,,,
70116ec3,Frias,Juan,Juan C.,1979,8,7,alias,en,Severino,Cleris,Cleris Kervin,,,,
cfc22fd4,Dick,William,William R.,1918,,,alias,en,Sharkey,Dick,Dick,,,,
cfc22fd4,Dick,William,William R.,1918,,,alias,en,Sharkey,William,William R.,,,,
e389a45f,Russell,Paul,Paul A.,1871,3,20,legal,en,Sheeder,Benjamin,Benjamin Philip,,,,
e140d697,Edmonston,Sam,Samuel Sherwood,1883,8,30,alias,en,Sherwood,Sam,Sam,,,1905,1905
91e62670,Sills,Ernest,Ernest,1922,,,birth,en,Silverman,Aaron,Aaron,,,,
2cf17569,Horsford,James,James Gelman,1938,9,30,alias,en,Simon,James,James Gelman,,,,
b2600f81,Simone,Peter,Peter John,1935,,,birth,en,Simonovitch,Peter,Peter J.,,,,
073c9f7f,Bluejacket,Jim,James,1887,7,8,legal,en,Smith,William,William Lincoln,,,,
9c28c4a3,Brennan,Taylor,Taylor R.,1992,1,31,alias,en,Smith-Brennan,Taylor,Taylor R.,,,,
519c18e9,Concepcion,Ambiorix,Ambiorix M.,1982,3,19,alias,en,Solano,Roberto,Roberto M.,,,,
519c18e9,Concepcion,Ambiorix,Ambiorix M.,1982,3,19,alias,en,Solano,Roberto,Roberto,,,,
68ad7654,Reese,Jimmie,James Herman,1901,10,1,birth,en,Solomon,Hyman,Hyman,,,,
0d7835de,Almonte,Aneury,Aneury Antonio,1980,9,15,alias,en,Soto,Wilber,Wilber Arismendy,,,,
16d07eb7,Chichilitti,Nicholas,Nicholas Peter,1941,,,alias,en,Stampone,Nicholas,Nicholas,,,,
a9e21909,Durham,Bull,Louis Staub,1877,6,27,birth,en,Staub,Louis,Louis Raphael,,,,
fa7b53c3,Stephens,Ben,George Benjamin,1867,9,28,alt-spelling,en,Stephen,George,George B.,,,,
8692aaf0,Hlister,Dick,Richard Steven,1936,10,31,alias,en,Steven,Richard,Richard,,,1963,1963
fda6cc4d,Cutshaw,George,George William,1886,7,29,alias,en,Stevens,George,George,,,1908,1908
b3e26bfa,Mizerak,Steve,Stephen,1914,6,27,alias,en,Stevens,John,John,,,1949,1949
14e1a710,Stockton,Dick,Richard Edward,1942,10,12,birth,en,Stockvis,Dick,Richard Edward,,,,
b9e4b4f7,Sepkowski,Ted,Theodore Walter,1923,11,9,legal,en,Szczepskowski,Theodore,Theodore Walter,,,,
b9e4b4f7,Sepkowski,Ted,Theodore Walter,1923,11,9,alt-spelling,en,Szepkowski,Theodore,Theodore,,,,
b56a6a18,Sheftic,Walter,Walter S.,1916,10,17,legal,en,Szewczyk,Walter,Walter S.,,,,
f76a70f3,Soskovic,Joe,Joseph P.,1925,11,4,birth,en,Szostkiewicz,Joe,Joseph P.,,,,
c02eb275,Kelly,Jim,James Robert,1884,2,1,legal,en,Taggert,Bob,Robert John,,,,
fe1a5235,Tavares,Anderson,Anderson Jose,1982,2,14,alias,en,Tavarez,Carlos,Carlos,,,,
15d91f82,Knode,Mike,Kenneth Thomson,1895,11,8,alias,en,Thompson,,,,,1915,1915
c884fe27,Tomek,Joseph,Joseph T.,1930,,,birth,en,Tometchko,Joseph,Joseph,,,,
2576b42e,Owsley,Clarence,Clarence,1883,5,,alias,en,Torrey,,,,,1904,1904
738356fb,Treadway,Wix,Wix Stootly,1879,11,22,birth,en,Tredway,Wix,Wix Stootly,,,,
3e4282c6,Jimenez,Romy,Romy,1991,5,14,alias,en,Trinidad,Romy,Romy,,,2009,2010
a7e0d05d,Raymond,Harry,Harry H.,1862,2,20,alias,en,Truman,John,John M.,,,,
c8a88a13,Morla,Carlos,Carlos Enrique,1982,4,15,alias,en,Tussen,Dennis,Dennis,,,,
661c3c71,Upton,Melvin,Melvin Emanuel,1984,8,21,alias,en,Upton,B. J.,Melvin Emanuel,,,,2014
d23336ac,Asencio,Jairo,Jairo Manuel,1983,5,30,alias,en,Valdez,Luis,Luis Manuel,,,2009,2013
745e3830,Valentino,Quinto,Quinto,1918,8,16,alt-spelling,en,Valentine,Quinto,Quinto,,,,
eac5cdf0,Aquino,Greg,Gregori Emilio,1978,1,11,alias,en,Valera,Gregori,Gregori Aquino,,,,
b4299264,Glass,Ira,Ira Van,1921,,,alt-spelling,en,Van Glass,Ira,Ira,,,,
a911589c,Velez,Eugenio,Eugenio,1982,5,16,alias,en,Vancamper,Eugenio,Eugenio,,,,
ba4bbf0a,Mesa,Wanel,Wanel,1987,1,15,alias,en,Vasquez,Wanel,Wanel,Mesa,,2006,2010
f4b3f4b7,Clemente,Edgard,Edgard Alexis Velazquez,1975,12,15,alias,en,Velasquez,Edgard,Edgard,,,,
fc8cb97f,Waleryanczyk,Ronald,Ronald J.,,,,anglicized,en,Wallace,Ron,Ron,,,,
1cd0f3ba,Klein,Ernesto,Ernesto W.,1930,,,alias,en,Wallerstein,Ernesto,Ernesto,,,,
6e595d35,Waldstein,Morton,Morton,1920,5,11,alt-spelling,en,Walstein,Morton,Morton,,,,
7b6a109c,Wanny,Charles,Charles,1913,,,birth,en,Wanagitis,Charles,Charles,,,,
375f77e0,Ware,Al,Albert,1930,,,birth,en,Warzycki,Al,Albert,,,,
d291ddca,Pare,Matt,Matthew,1990,11,17,birth,en,Watson,Matt,Matt,,,,2011
8143fc7a,Wieland,Howard,Howard Robinson,,,,alt-spelling,en,Weiland,Howard,Howard Robinson,,,,
64416070,Wieting,Henry,Henry J.,1916,,,alt-spelling,en,Weiting,Henry,Henry J.,,,,
061c98c0,Wesoloski,Tony,Anthony G.,1928,8,15,alias,en,West,Thony,Anthony G.,,,,
82cd462a,Westergard,Jiggs,Verl A.,1921,11,19,alt-spelling,en,Westergaard,Jiggs,Verl A.,,,,
9d9f6dd8,Holmes,Ben,Benjamin Alen,1991,9,12,alias,en,Wetzler,Ben,Benjamin Alen,,,,
7b327669,Whitnell,Edwin,Edwin Artie,1900,1,9,legal,en,Whitnel,Edwin,Edwin Artie,,,,
f60d7078,White,Devon,Devon Markes,1962,12,29,legal,en,Whyte,Devon,Devon Markes,,,,
e612a88e,Wickenhofer,John,John James,,,,alt-spelling,en,Wickenhoffer,John,John James,,,,
2867dbfc,Weiland,Ah,Aloys J.,1914,,,alt-spelling,en,Wieland,Ah,Aloys J.,,,,
74ae5104,Wier,Joseph,Joseph,1918,,,birth,en,Wierzbowski,Joseph,Joseph,,,,
b8d996f2,West,Sid,Stanley C.,1915,,,alt-spelling,en,Wiest,Sid,Stanley C.,,,,
b821b851,Wilski,Stephen,Stephen,1916,,,birth,en,Wilczynski,Stephen,Stephen,,,,
b821b851,Wilski,Stephen,Stephen,1916,,,birth,en,Wilczynski,Stephen,Stephen,,,,
dfe5314b,Wildenhauer,Milford,Milford D.,1912,,,alt-spelling,en,Wildenauer,Milford,Milford D.,,,,
79f924ef,Cockrell,Phil,Philip,1895,7,9,legal,en,Williams,Philip,Philip,,,,
af675c88,Wilmore,Horlando,Horlando Bienvenido,1963,12,4,alt-spelling,en,Willmore,Horlando,Horlando Bienvenido,,,,
25cd455a,Butkus,Tony,Anton,1909,8,19,alias,en,Wilson,Charlie,Charles,,,,
250c808a,Windzigl,John,John,1919,,,alt-spelling,en,Windzigl,John,John,,,,
d76b57ca,Bannwart,Alexander,Alexander W.,1881,,,alias,en,Winn,,,,,1906,1906
625ab1d6,Weintraub,Milton,Milton,1917,10,10,alias,en,Winters,Milton,Milton,,,,
f5210de0,Wisner,Jack,John Henry,1899,11,5,legal,en,Wisinski,Jack,John Henry,,,,
aad63496,Wisniewski,John,John Joseph,1926,9,27,alt-spelling,en,Wisneski,John,John J.,,,,
f5de7b3b,Wilson,Stephen,Stephen Paul,1937,10,30,birth,en,Wisniewski,Stephen,Stephen Paul,,,,
7dbd2973,Witt,Frank,Frank A.,,,,birth,en,Witkowski,Frank,Frank A.,,,,
850aad2d,Wyzykowski,Robert,Robert J.,1932,,,alt-spelling,en,Wizykouski,Robert,Robert J.,,,,
14d16173,Wohlen,Fred,Frederick H.,,,,alt-spelling,en,Wohleben,Fred,Fred,,,,
6ade315b,Wojtkowiak,Conrad,Conrad,1912,10,25,alt-spelling,en,Woitkowiak,Conrad,Conrad,,,,
f9f70c3f,Wojey,Joseph,Joseph,1918,,,birth,en,Wojciechowski,Joseph,Joseph,,,,
f9f70c3f,Wojey,Joseph,Joseph,1918,,,birth,en,Wojciechowski,Joseph,Joseph,,,,
b6b285a8,Wojey,Pete,Peter Paul,1919,12,1,birth,en,Wojciechowski,Peter,Peter,,,,
cfe049c6,Bush,Roxy,Stanley T.,,,,birth,en,Wojciechowski,Roxy,Stanley T.,,,,
b4de7332,Wojtowicz,Clarence,Clarence E.,1930,9,16,alt-spelling,en,Wotowicz,Charles,Charles,,,,
4d81a364,Woyt,Butch,Boris,1920,9,21,birth,en,Woytowicz,Butch,Boris,,,,
2ecf8436,Wratten,Irve,John Irvin,,,,alt-spelling,en,Wrattan,Irvin,Irvin,,,,
52bfd918,Yaklich,Alfred,Alfred Joseph,1930,,,alt-spelling,en,Yalich,Alfred,Alfred L.,,,,
1bcdc92d,Yan,Ruddy,Ruddy Osvaldo,1982,1,13,alias,en,Yan,Edwin,Edwin Osvaldo,,,,
73d837d5,Yelen,Ernest,Ernest A.,1925,,,birth,en,Yelenesics,Ernest,Ernest A.,,,,
10ab9797,Yellen,Robert,Robert,,,,birth,en,Yelenesics,Robert,Robert,,,,
88356008,Yelovic,John,John G.,1913,7,13,alt-spelling,en,Yelovich,John,John G.,,,,
a5f93770,York,Dan,Dan W.,1919,,,birth,en,Yorkovitch,Dan,Dan W.,,,,
9a1b0cff,Yourkovich,Joseph,Joseph J.,1917,,,alt-spelling,en,Yurkovich,Joseph,Joseph J.,,,,
1188d69e,Izquierdo,Hank,Enrique Roberto,1931,3,20,alt-spelling,en,Yzquierdo,Enrique,Enrique,,,,
0ebbef65,Dykes,Joe,Joseph J.,1915,3,22,legal,en,Zaikowski,Joseph,Joseph J.,,,,
004b3b87,Zakrzewski,Theodore,Theodore J.,1925,,,alias,en,Zak,Theodore,Theodore,,,,
51a43dc7,Zack,Joseph,Joseph P.,1922,3,8,birth,en,Zaklukiewicz,Joseph,Joseph,,,,
9abbef59,Hutchinson,Ira,Ira Kendall,1910,8,31,alias,en,Zane,Ira,Ira,,,1949,1949
ca182ee9,Zapustas,Joe,Joseph John,1907,7,25,legal,en,Zapustas,Jusapas,Jusapas,,,,
2df7929d,Zachary,Chink,Albert Myron,1914,5,14,alias,en,Zarski,Albert,Albert,,,,
ae2d705a,Zeibig,Leonard,Leonard J.,1930,10,12,birth,en,Zbigniewicz,Leonard,Leonard J.,,,,
aaa8ecab,Ziel,Max,Max George,1892,3,22,birth,en,Zielminski,Max,Max George,,,,
acb20dea,Zikowitz,Alfred,Alfred J.,1927,1,8,alias,en,Zike,Alfred,Alfred J.,,,,
35fc16e7,Zmijewski,John,John,1927,,,alt-spelling,en,Zmikewski,John,John,,,,
31cae747,Zubik,Frank,Frank J.,1912,6,18,alt-spelling,en,Zubick,Frank,Frank J.,,,,
f7308499,Zimmerman,Heinie,Henry E.,1887,,,alias,en,Zurman,Heinie,Henry E.,,,,
